related.source.entity.account.id,related.source.entity.account.name,related.source.entity.guid,related.source.entity.name,related.target.entity.domain,related.target.entity.entityType,related.target.entity.guid,related.target.entity.name,related.target.entity.type
2119955,Demotron Rotate,MjExOTk1NXxBUE18QVBQTElDQVRJT058MTg0MzcxODE0,Billing Service,EXTERNAL,APM_EXTERNAL_SERVICE_ENTITY,MjExOTk1NXxFWFRFUk5BTHxTRVJWSUNFfHNoaXBwaW5nLnJvdGF0ZS5ucmRlbW8tcHJlcHJvZC5jb20,shipping.rotate.nrdemo-preprod.com,SERVICE
1606862,Demotron V2,MTYwNjg2MnxBUE18QVBQTElDQVRJT058NTQxMTExNzQ0,Box,EXTERNAL,APM_EXTERNAL_SERVICE_ENTITY,MTYwNjg2MnxFWFRFUk5BTHxTRVJWSUNFfGJveC5tYXRlcmlhbHMuc3ZjLmNsdXN0ZXIubG9jYWw,box.materials.svc.cluster.local,SERVICE
2119955,Demotron Rotate,MjExOTk1NXxBUE18QVBQTElDQVRJT058NjU3NjgxNDUz,Box,EXTERNAL,APM_EXTERNAL_SERVICE_ENTITY,MjExOTk1NXxFWFRFUk5BTHxTRVJWSUNFfGJveC5tYXRlcmlhbHMuc3ZjLmNsdXN0ZXIubG9jYWw,box.materials.svc.cluster.local,SERVICE
1606862,Demotron V2,MTYwNjg2MnxBUE18QVBQTElDQVRJT058NTQxMTExNzY0,Bubble-Wrap,EXTERNAL,APM_EXTERNAL_SERVICE_ENTITY,MTYwNjg2MnxFWFRFUk5BTHxTRVJWSUNFfGJ1YmJsZS13cmFwLm1hdGVyaWFscy5zdmMuY2x1c3Rlci5sb2NhbA,bubble-wrap.materials.svc.cluster.local,SERVICE
2119955,Demotron Rotate,MjExOTk1NXxBUE18QVBQTElDQVRJT058NjU3NjgxNDQx,Bubble-Wrap,EXTERNAL,APM_EXTERNAL_SERVICE_ENTITY,MjExOTk1NXxFWFRFUk5BTHxTRVJWSUNFfGJ1YmJsZS13cmFwLm1hdGVyaWFscy5zdmMuY2x1c3Rlci5sb2NhbA,bubble-wrap.materials.svc.cluster.local,SERVICE
1606862,Demotron V2,MTYwNjg2MnxBUE18QVBQTElDQVRJT058MTA4MjkxODE0Mw,Coffeely,EXTERNAL,APM_EXTERNAL_SERVICE_ENTITY,MTYwNjg2MnxFWFRFUk5BTHxTRVJWSUNFfHJlbGktY29mZmVlbHktYXBpLmF6dXJld2Vic2l0ZXMubmV0,reli-coffeely-api.azurewebsites.net,SERVICE
1606862,Demotron V2,MTYwNjg2MnxBUE18QVBQTElDQVRJT058MTA4MjkxODE0Mw,Coffeely,EXTERNAL,APM_EXTERNAL_SERVICE_ENTITY,MTYwNjg2MnxFWFRFUk5BTHxTRVJWSUNFfHJlbGktY29mZmVlbHktZnVuYy5henVyZXdlYnNpdGVzLm5ldA,reli-coffeely-func.azurewebsites.net,SERVICE
1606862,Demotron V2,MTYwNjg2MnxBUE18QVBQTElDQVRJT058NTQxMTExODAx,Delivery,EXTERNAL,APM_EXTERNAL_SERVICE_ENTITY,MTYwNjg2MnxFWFRFUk5BTHxTRVJWSUNFfHNtcy1ub3RpZmljYXRpb24uaW50ZXJhY3Rpb25zLnN2Yy5jbHVzdGVyLmxvY2Fs,sms-notification.interactions.svc.cluster.local,SERVICE
1606862,Demotron V2,MTYwNjg2MnxBUE18QVBQTElDQVRJT058NTQxMTExODAx,Delivery,EXTERNAL,APM_EXTERNAL_SERVICE_ENTITY,MTYwNjg2MnxFWFRFUk5BTHxTRVJWSUNFfGVtYWlsLW5vdGlmaWNhdGlvbi5pbnRlcmFjdGlvbnMuc3ZjLmNsdXN0ZXIubG9jYWw,email-notification.interactions.svc.cluster.local,SERVICE
2119955,Demotron Rotate,MjExOTk1NXxBUE18QVBQTElDQVRJT058NjU3NjgxNDcw,Delivery,EXTERNAL,APM_EXTERNAL_SERVICE_ENTITY,MjExOTk1NXxFWFRFUk5BTHxTRVJWSUNFfHNtcy1ub3RpZmljYXRpb24uaW50ZXJhY3Rpb25zLnN2Yy5jbHVzdGVyLmxvY2Fs,sms-notification.interactions.svc.cluster.local,SERVICE
2119955,Demotron Rotate,MjExOTk1NXxBUE18QVBQTElDQVRJT058NjU3NjgxNDcw,Delivery,EXTERNAL,APM_EXTERNAL_SERVICE_ENTITY,MjExOTk1NXxFWFRFUk5BTHxTRVJWSUNFfGVtYWlsLW5vdGlmaWNhdGlvbi5pbnRlcmFjdGlvbnMuc3ZjLmNsdXN0ZXIubG9jYWw,email-notification.interactions.svc.cluster.local,SERVICE
1606862,Demotron V2,MTYwNjg2MnxBUE18QVBQTElDQVRJT058NTQxMTExNzQ3,Email-Notification,EXTERNAL,APM_EXTERNAL_SERVICE_ENTITY,MTYwNjg2MnxFWFRFUk5BTHxTRVJWSUNFfGVtYWlsLW5vdGlmaWNhdGlvbi5pbnRlcmFjdGlvbnMuc3ZjLmNsdXN0ZXIubG9jYWw,email-notification.interactions.svc.cluster.local,SERVICE
2119955,Demotron Rotate,MjExOTk1NXxBUE18QVBQTElDQVRJT058NjU3NjgxNDUw,Email-Notification,EXTERNAL,APM_EXTERNAL_SERVICE_ENTITY,MjExOTk1NXxFWFRFUk5BTHxTRVJWSUNFfGVtYWlsLW5vdGlmaWNhdGlvbi5pbnRlcmFjdGlvbnMuc3ZjLmNsdXN0ZXIubG9jYWw,email-notification.interactions.svc.cluster.local,SERVICE
2119955,Demotron Rotate,MjExOTk1NXxBUE18QVBQTElDQVRJT058MTg0MzcxNjkx,Fulfillment Service,EXTERNAL,APM_EXTERNAL_SERVICE_ENTITY,MjExOTk1NXxFWFRFUk5BTHxTRVJWSUNFfGNyZWRpdGNhcmQucm90YXRlLm5yZGVtby1wcmVwcm9kLmNvbQ,creditcard.rotate.nrdemo-preprod.com,SERVICE
2119955,Demotron Rotate,MjExOTk1NXxBUE18QVBQTElDQVRJT058MTg0MzcxNjkx,Fulfillment Service,EXTERNAL,APM_EXTERNAL_SERVICE_ENTITY,MjExOTk1NXxFWFRFUk5BTHxTRVJWSUNFfGJpbGxpbmcucm90YXRlLm5yZGVtby1wcmVwcm9kLmNvbQ,billing.rotate.nrdemo-preprod.com,SERVICE
2119955,Demotron Rotate,MjExOTk1NXxBUE18QVBQTElDQVRJT058MTg0MzcxNjkx,Fulfillment Service,EXTERNAL,APM_EXTERNAL_SERVICE_ENTITY,MjExOTk1NXxFWFRFUk5BTHxTRVJWSUNFfDhtMHlucjM1dmcuZXhlY3V0ZS1hcGkudXMtd2VzdC0yLmFtYXpvbmF3cy5jb20,8m0ynr35vg.execute-api.us-west-2.amazonaws.com,SERVICE
3406445,Rew Nelic,MzQwNjQ0NXxBUE18QVBQTElDQVRJT058NTU5MjgwOTA3,Gateway,EXTERNAL,APM_EXTERNAL_SERVICE_ENTITY,MzQwNjQ0NXxFWFRFUk5BTHxTRVJWSUNFfDE3Mi4yMC4xMDQuMjM1Ojgw,172.20.104.235:80,SERVICE
3406445,Rew Nelic,MzQwNjQ0NXxBUE18QVBQTElDQVRJT058NTU5MjgwOTA3,Gateway,EXTERNAL,APM_EXTERNAL_SERVICE_ENTITY,MzQwNjQ0NXxFWFRFUk5BTHxTRVJWSUNFfDE3Mi4yMC4yMzAuMTc5,172.20.230.179,SERVICE
1606862,Demotron V2,MTYwNjg2MnxBUE18QVBQTElDQVRJT058NTQxMTExNzUw,Inventory,EXTERNAL,APM_EXTERNAL_SERVICE_ENTITY,MTYwNjg2MnxFWFRFUk5BTHxTRVJWSUNFfGludmVudG9yeS5tYXRlcmlhbHMuc3ZjLmNsdXN0ZXIubG9jYWw,inventory.materials.svc.cluster.local,SERVICE
2119955,Demotron Rotate,MjExOTk1NXxBUE18QVBQTElDQVRJT058NjU3NjgxNDM4,Inventory,EXTERNAL,APM_EXTERNAL_SERVICE_ENTITY,MjExOTk1NXxFWFRFUk5BTHxTRVJWSUNFfGludmVudG9yeS5tYXRlcmlhbHMuc3ZjLmNsdXN0ZXIubG9jYWw,inventory.materials.svc.cluster.local,SERVICE
1606862,Demotron V2,MTYwNjg2MnxBUE18QVBQTElDQVRJT058NDgyMDE3Mzky,MobileApi,EXTERNAL,APM_EXTERNAL_SERVICE_ENTITY,MTYwNjg2MnxFWFRFUk5BTHxTRVJWSUNFfGludmVudG9yeS50ZWxjby5ucmRlbW8uY29t,inventory.telco.nrdemo.com,SERVICE
1606862,Demotron V2,MTYwNjg2MnxBUE18QVBQTElDQVRJT058NDgyMDE3Mzky,MobileApi,EXTERNAL,APM_EXTERNAL_SERVICE_ENTITY,MTYwNjg2MnxFWFRFUk5BTHxTRVJWSUNFfHBsYW4udGVsY28ubnJkZW1vLmNvbQ,plan.telco.nrdemo.com,SERVICE
1606862,Demotron V2,MTYwNjg2MnxBUE18QVBQTElDQVRJT058MTA4NzM1MDA0MA,New Relic Infrastructure Agent,EXTERNAL,APM_EXTERNAL_SERVICE_ENTITY,MTYwNjg2MnxFWFRFUk5BTHxTRVJWSUNFfGluZnJhLWFwaS5uZXdyZWxpYy5jb20,infra-api.newrelic.com,SERVICE
1606862,Demotron V2,MTYwNjg2MnxBUE18QVBQTElDQVRJT058NTQxMTExNzUz,Order-Assembly,EXTERNAL,APM_EXTERNAL_SERVICE_ENTITY,MTYwNjg2MnxFWFRFUk5BTHxTRVJWSUNFfG9yZGVyLWFzc2VtYmx5LmNvb3JkaW5hdGlvbi5zdmMuY2x1c3Rlci5sb2NhbA,order-assembly.coordination.svc.cluster.local,SERVICE
2119955,Demotron Rotate,MjExOTk1NXxBUE18QVBQTElDQVRJT058NjU3NjgxNDQz,Order-Assembly,EXTERNAL,APM_EXTERNAL_SERVICE_ENTITY,MjExOTk1NXxFWFRFUk5BTHxTRVJWSUNFfG9yZGVyLWFzc2VtYmx5LmNvb3JkaW5hdGlvbi5zdmMuY2x1c3Rlci5sb2NhbA,order-assembly.coordination.svc.cluster.local,SERVICE
1606862,Demotron V2,MTYwNjg2MnxBUE18QVBQTElDQVRJT058NTQxMTExNzY3,Order-Composer,EXTERNAL,APM_EXTERNAL_SERVICE_ENTITY,MTYwNjg2MnxFWFRFUk5BTHxTRVJWSUNFfG9yZGVyLWFzc2VtYmx5LmNvb3JkaW5hdGlvbi5zdmMuY2x1c3Rlci5sb2NhbA,order-assembly.coordination.svc.cluster.local,SERVICE
1606862,Demotron V2,MTYwNjg2MnxBUE18QVBQTElDQVRJT058NTQxMTExNzY3,Order-Composer,EXTERNAL,APM_EXTERNAL_SERVICE_ENTITY,MTYwNjg2MnxFWFRFUk5BTHxTRVJWSUNFfGRlbGl2ZXJ5LmNvb3JkaW5hdGlvbi5zdmMuY2x1c3Rlci5sb2NhbA,delivery.coordination.svc.cluster.local,SERVICE
1606862,Demotron V2,MTYwNjg2MnxBUE18QVBQTElDQVRJT058NTQxMTExNzY3,Order-Composer,EXTERNAL,APM_EXTERNAL_SERVICE_ENTITY,MTYwNjg2MnxFWFRFUk5BTHxTRVJWSUNFfHN0YWZmLXJlcXVlc3QubWF0ZXJpYWxzLnN2Yy5jbHVzdGVyLmxvY2Fs,staff-request.materials.svc.cluster.local,SERVICE
1606862,Demotron V2,MTYwNjg2MnxBUE18QVBQTElDQVRJT058NTQxMTExNzY3,Order-Composer,EXTERNAL,APM_EXTERNAL_SERVICE_ENTITY,MTYwNjg2MnxFWFRFUk5BTHxTRVJWSUNFfHBhY2tpbmctcm9vbS5tYXRlcmlhbHMuc3ZjLmNsdXN0ZXIubG9jYWw,packing-room.materials.svc.cluster.local,SERVICE
1606862,Demotron V2,MTYwNjg2MnxBUE18QVBQTElDQVRJT058NTQxMTExNzY3,Order-Composer,EXTERNAL,APM_EXTERNAL_SERVICE_ENTITY,MTYwNjg2MnxFWFRFUk5BTHxTRVJWSUNFfGJ1YmJsZS13cmFwLm1hdGVyaWFscy5zdmMuY2x1c3Rlci5sb2NhbA,bubble-wrap.materials.svc.cluster.local,SERVICE
1606862,Demotron V2,MTYwNjg2MnxBUE18QVBQTElDQVRJT058NTQxMTExNzY3,Order-Composer,EXTERNAL,APM_EXTERNAL_SERVICE_ENTITY,MTYwNjg2MnxFWFRFUk5BTHxTRVJWSUNFfGludmVudG9yeS5tYXRlcmlhbHMuc3ZjLmNsdXN0ZXIubG9jYWw,inventory.materials.svc.cluster.local,SERVICE
1606862,Demotron V2,MTYwNjg2MnxBUE18QVBQTElDQVRJT058NTQxMTExNzY3,Order-Composer,EXTERNAL,APM_EXTERNAL_SERVICE_ENTITY,MTYwNjg2MnxFWFRFUk5BTHxTRVJWSUNFfG9yZGVyLXN0YXR1cy5pbnRlcmFjdGlvbnMuc3ZjLmNsdXN0ZXIubG9jYWw,order-status.interactions.svc.cluster.local,SERVICE
1606862,Demotron V2,MTYwNjg2MnxBUE18QVBQTElDQVRJT058NTQxMTExNzY3,Order-Composer,EXTERNAL,APM_EXTERNAL_SERVICE_ENTITY,MTYwNjg2MnxFWFRFUk5BTHxTRVJWSUNFfG9yZGVyLXBhY2thZ2luZy5jb29yZGluYXRpb24uc3ZjLmNsdXN0ZXIubG9jYWw,order-packaging.coordination.svc.cluster.local,SERVICE
1606862,Demotron V2,MTYwNjg2MnxBUE18QVBQTElDQVRJT058NTQxMTExNzY3,Order-Composer,EXTERNAL,APM_EXTERNAL_SERVICE_ENTITY,MTYwNjg2MnxFWFRFUk5BTHxTRVJWSUNFfGJveC5tYXRlcmlhbHMuc3ZjLmNsdXN0ZXIubG9jYWw,box.materials.svc.cluster.local,SERVICE
1606862,Demotron V2,MTYwNjg2MnxBUE18QVBQTElDQVRJT058NTQxMTExNzY3,Order-Composer,EXTERNAL,APM_EXTERNAL_SERVICE_ENTITY,MTYwNjg2MnxFWFRFUk5BTHxTRVJWSUNFfHNoaXBtZW50LWxhYmVsLm1hdGVyaWFscy5zdmMuY2x1c3Rlci5sb2NhbA,shipment-label.materials.svc.cluster.local,SERVICE
1606862,Demotron V2,MTYwNjg2MnxBUE18QVBQTElDQVRJT058NTQxMTExNzY3,Order-Composer,EXTERNAL,APM_EXTERNAL_SERVICE_ENTITY,MTYwNjg2MnxFWFRFUk5BTHxTRVJWSUNFfGVtYWlsLW5vdGlmaWNhdGlvbi5pbnRlcmFjdGlvbnMuc3ZjLmNsdXN0ZXIubG9jYWw,email-notification.interactions.svc.cluster.local,SERVICE
2119955,Demotron Rotate,MjExOTk1NXxBUE18QVBQTElDQVRJT058NjU3NjgxNDI0,Order-Composer,EXTERNAL,APM_EXTERNAL_SERVICE_ENTITY,MjExOTk1NXxFWFRFUk5BTHxTRVJWSUNFfHBhY2tpbmctcm9vbS5tYXRlcmlhbHMuc3ZjLmNsdXN0ZXIubG9jYWw,packing-room.materials.svc.cluster.local,SERVICE
2119955,Demotron Rotate,MjExOTk1NXxBUE18QVBQTElDQVRJT058NjU3NjgxNDI0,Order-Composer,EXTERNAL,APM_EXTERNAL_SERVICE_ENTITY,MjExOTk1NXxFWFRFUk5BTHxTRVJWSUNFfHNoaXBtZW50LWxhYmVsLm1hdGVyaWFscy5zdmMuY2x1c3Rlci5sb2NhbA,shipment-label.materials.svc.cluster.local,SERVICE
2119955,Demotron Rotate,MjExOTk1NXxBUE18QVBQTElDQVRJT058NjU3NjgxNDI0,Order-Composer,EXTERNAL,APM_EXTERNAL_SERVICE_ENTITY,MjExOTk1NXxFWFRFUk5BTHxTRVJWSUNFfHN0YWZmLXJlcXVlc3QubWF0ZXJpYWxzLnN2Yy5jbHVzdGVyLmxvY2Fs,staff-request.materials.svc.cluster.local,SERVICE
2119955,Demotron Rotate,MjExOTk1NXxBUE18QVBQTElDQVRJT058NjU3NjgxNDI0,Order-Composer,EXTERNAL,APM_EXTERNAL_SERVICE_ENTITY,MjExOTk1NXxFWFRFUk5BTHxTRVJWSUNFfGVtYWlsLW5vdGlmaWNhdGlvbi5pbnRlcmFjdGlvbnMuc3ZjLmNsdXN0ZXIubG9jYWw,email-notification.interactions.svc.cluster.local,SERVICE
2119955,Demotron Rotate,MjExOTk1NXxBUE18QVBQTElDQVRJT058NjU3NjgxNDI0,Order-Composer,EXTERNAL,APM_EXTERNAL_SERVICE_ENTITY,MjExOTk1NXxFWFRFUk5BTHxTRVJWSUNFfGJveC5tYXRlcmlhbHMuc3ZjLmNsdXN0ZXIubG9jYWw,box.materials.svc.cluster.local,SERVICE
2119955,Demotron Rotate,MjExOTk1NXxBUE18QVBQTElDQVRJT058NjU3NjgxNDI0,Order-Composer,EXTERNAL,APM_EXTERNAL_SERVICE_ENTITY,MjExOTk1NXxFWFRFUk5BTHxTRVJWSUNFfG9yZGVyLXN0YXR1cy5pbnRlcmFjdGlvbnMuc3ZjLmNsdXN0ZXIubG9jYWw,order-status.interactions.svc.cluster.local,SERVICE
2119955,Demotron Rotate,MjExOTk1NXxBUE18QVBQTElDQVRJT058NjU3NjgxNDI0,Order-Composer,EXTERNAL,APM_EXTERNAL_SERVICE_ENTITY,MjExOTk1NXxFWFRFUk5BTHxTRVJWSUNFfG9yZGVyLWFzc2VtYmx5LmNvb3JkaW5hdGlvbi5zdmMuY2x1c3Rlci5sb2NhbA,order-assembly.coordination.svc.cluster.local,SERVICE
2119955,Demotron Rotate,MjExOTk1NXxBUE18QVBQTElDQVRJT058NjU3NjgxNDI0,Order-Composer,EXTERNAL,APM_EXTERNAL_SERVICE_ENTITY,MjExOTk1NXxFWFRFUk5BTHxTRVJWSUNFfGludmVudG9yeS5tYXRlcmlhbHMuc3ZjLmNsdXN0ZXIubG9jYWw,inventory.materials.svc.cluster.local,SERVICE
2119955,Demotron Rotate,MjExOTk1NXxBUE18QVBQTElDQVRJT058NjU3NjgxNDI0,Order-Composer,EXTERNAL,APM_EXTERNAL_SERVICE_ENTITY,MjExOTk1NXxFWFRFUk5BTHxTRVJWSUNFfGRlbGl2ZXJ5LmNvb3JkaW5hdGlvbi5zdmMuY2x1c3Rlci5sb2NhbA,delivery.coordination.svc.cluster.local,SERVICE
2119955,Demotron Rotate,MjExOTk1NXxBUE18QVBQTElDQVRJT058NjU3NjgxNDI0,Order-Composer,EXTERNAL,APM_EXTERNAL_SERVICE_ENTITY,MjExOTk1NXxFWFRFUk5BTHxTRVJWSUNFfG9yZGVyLXBhY2thZ2luZy5jb29yZGluYXRpb24uc3ZjLmNsdXN0ZXIubG9jYWw,order-packaging.coordination.svc.cluster.local,SERVICE
2119955,Demotron Rotate,MjExOTk1NXxBUE18QVBQTElDQVRJT058NjU3NjgxNDI0,Order-Composer,EXTERNAL,APM_EXTERNAL_SERVICE_ENTITY,MjExOTk1NXxFWFRFUk5BTHxTRVJWSUNFfGJ1YmJsZS13cmFwLm1hdGVyaWFscy5zdmMuY2x1c3Rlci5sb2NhbA,bubble-wrap.materials.svc.cluster.local,SERVICE
1606862,Demotron V2,MTYwNjg2MnxBUE18QVBQTElDQVRJT058NTQxMTExODQ2,Order-Packaging,EXTERNAL,APM_EXTERNAL_SERVICE_ENTITY,MTYwNjg2MnxFWFRFUk5BTHxTRVJWSUNFfG9yZGVyLXBhY2thZ2luZy5jb29yZGluYXRpb24uc3ZjLmNsdXN0ZXIubG9jYWw,order-packaging.coordination.svc.cluster.local,SERVICE
2119955,Demotron Rotate,MjExOTk1NXxBUE18QVBQTElDQVRJT058NjU3NjgxNDU5,Order-Packaging,EXTERNAL,APM_EXTERNAL_SERVICE_ENTITY,MjExOTk1NXxFWFRFUk5BTHxTRVJWSUNFfG9yZGVyLXBhY2thZ2luZy5jb29yZGluYXRpb24uc3ZjLmNsdXN0ZXIubG9jYWw,order-packaging.coordination.svc.cluster.local,SERVICE
1606862,Demotron V2,MTYwNjg2MnxBUE18QVBQTElDQVRJT058NTQxMTExNzYx,Order-Processing,EXTERNAL,APM_EXTERNAL_SERVICE_ENTITY,MTYwNjg2MnxFWFRFUk5BTHxTRVJWSUNFfG9yZGVyLXN0YXR1cy5pbnRlcmFjdGlvbnMuc3ZjLmNsdXN0ZXIubG9jYWw,order-status.interactions.svc.cluster.local,SERVICE
1606862,Demotron V2,MTYwNjg2MnxBUE18QVBQTElDQVRJT058NTQxMTExNzYx,Order-Processing,EXTERNAL,APM_EXTERNAL_SERVICE_ENTITY,MTYwNjg2MnxFWFRFUk5BTHxTRVJWSUNFfG9yZGVyLWNvbXBvc2VyLmNvb3JkaW5hdGlvbi5zdmMuY2x1c3Rlci5sb2NhbA,order-composer.coordination.svc.cluster.local,SERVICE
2119955,Demotron Rotate,MjExOTk1NXxBUE18QVBQTElDQVRJT058NjU3NjgxNDMy,Order-Processing,EXTERNAL,APM_EXTERNAL_SERVICE_ENTITY,MjExOTk1NXxFWFRFUk5BTHxTRVJWSUNFfG9yZGVyLXN0YXR1cy5pbnRlcmFjdGlvbnMuc3ZjLmNsdXN0ZXIubG9jYWw,order-status.interactions.svc.cluster.local,SERVICE
2119955,Demotron Rotate,MjExOTk1NXxBUE18QVBQTElDQVRJT058NjU3NjgxNDMy,Order-Processing,EXTERNAL,APM_EXTERNAL_SERVICE_ENTITY,MjExOTk1NXxFWFRFUk5BTHxTRVJWSUNFfG9yZGVyLWNvbXBvc2VyLmNvb3JkaW5hdGlvbi5zdmMuY2x1c3Rlci5sb2NhbA,order-composer.coordination.svc.cluster.local,SERVICE
1606862,Demotron V2,MTYwNjg2MnxBUE18QVBQTElDQVRJT058NTQxMTExNzc1,Order-Status,EXTERNAL,APM_EXTERNAL_SERVICE_ENTITY,MTYwNjg2MnxFWFRFUk5BTHxTRVJWSUNFfG9yZGVyLXN0YXR1cy5pbnRlcmFjdGlvbnMuc3ZjLmNsdXN0ZXIubG9jYWw,order-status.interactions.svc.cluster.local,SERVICE
2119955,Demotron Rotate,MjExOTk1NXxBUE18QVBQTElDQVRJT058NjU3NjgxNDM1,Order-Status,EXTERNAL,APM_EXTERNAL_SERVICE_ENTITY,MjExOTk1NXxFWFRFUk5BTHxTRVJWSUNFfG9yZGVyLXN0YXR1cy5pbnRlcmFjdGlvbnMuc3ZjLmNsdXN0ZXIubG9jYWw,order-status.interactions.svc.cluster.local,SERVICE
1606862,Demotron V2,MTYwNjg2MnxBUE18QVBQTElDQVRJT058NTQxMTExODEw,Packing-Room,EXTERNAL,APM_EXTERNAL_SERVICE_ENTITY,MTYwNjg2MnxFWFRFUk5BTHxTRVJWSUNFfHBhY2tpbmctcm9vbS5tYXRlcmlhbHMuc3ZjLmNsdXN0ZXIubG9jYWw,packing-room.materials.svc.cluster.local,SERVICE
2119955,Demotron Rotate,MjExOTk1NXxBUE18QVBQTElDQVRJT058NjU3NjgxNDQ3,Packing-Room,EXTERNAL,APM_EXTERNAL_SERVICE_ENTITY,MjExOTk1NXxFWFRFUk5BTHxTRVJWSUNFfHBhY2tpbmctcm9vbS5tYXRlcmlhbHMuc3ZjLmNsdXN0ZXIubG9jYWw,packing-room.materials.svc.cluster.local,SERVICE
1606862,Demotron V2,MTYwNjg2MnxBUE18QVBQTElDQVRJT058MTA5MDUzODM2,Plan Service,EXTERNAL,APM_EXTERNAL_SERVICE_ENTITY,MTYwNjg2MnxFWFRFUk5BTHxTRVJWSUNFfGxvZy1hcGkubmV3cmVsaWMuY29t,log-api.newrelic.com,SERVICE
2119955,Demotron Rotate,MjExOTk1NXxBUE18QVBQTElDQVRJT058MTg0MzcwMzM5,Plan Service,EXTERNAL,APM_EXTERNAL_SERVICE_ENTITY,MjExOTk1NXxFWFRFUk5BTHxTRVJWSUNFfGxvZy1hcGkubmV3cmVsaWMuY29t,log-api.newrelic.com,SERVICE
1606862,Demotron V2,MTYwNjg2MnxBUE18QVBQTElDQVRJT058NjI2OTA3NjE,Proxy-East,EXTERNAL,APM_EXTERNAL_SERVICE_ENTITY,MTYwNjg2MnxFWFRFUk5BTHxTRVJWSUNFfHRvd2VyLXdhc2hpbmd0b24,tower-washington,SERVICE
1606862,Demotron V2,MTYwNjg2MnxBUE18QVBQTElDQVRJT058NjI2OTA3NjE,Proxy-East,EXTERNAL,APM_EXTERNAL_SERVICE_ENTITY,MTYwNjg2MnxFWFRFUk5BTHxTRVJWSUNFfHRvd2VyLWFsYmFueQ,tower-albany,SERVICE
1606862,Demotron V2,MTYwNjg2MnxBUE18QVBQTElDQVRJT058NjI2OTA3NjE,Proxy-East,EXTERNAL,APM_EXTERNAL_SERVICE_ENTITY,MTYwNjg2MnxFWFRFUk5BTHxTRVJWSUNFfHRvd2VyLWF0bGFudGE,tower-atlanta,SERVICE
1606862,Demotron V2,MTYwNjg2MnxBUE18QVBQTElDQVRJT058NjI2OTA3NjE,Proxy-East,EXTERNAL,APM_EXTERNAL_SERVICE_ENTITY,MTYwNjg2MnxFWFRFUk5BTHxTRVJWSUNFfHRvd2VyLWluZGlhbmFwb2xpcw,tower-indianapolis,SERVICE
1606862,Demotron V2,MTYwNjg2MnxBUE18QVBQTElDQVRJT058NjI2OTA3NjE,Proxy-East,EXTERNAL,APM_EXTERNAL_SERVICE_ENTITY,MTYwNjg2MnxFWFRFUk5BTHxTRVJWSUNFfHRvd2VyLXBoaWxhZGVscGhpYQ,tower-philadelphia,SERVICE
1606862,Demotron V2,MTYwNjg2MnxBUE18QVBQTElDQVRJT058NjI2OTA3NjE,Proxy-East,EXTERNAL,APM_EXTERNAL_SERVICE_ENTITY,MTYwNjg2MnxFWFRFUk5BTHxTRVJWSUNFfHRvd2VyLWNoaWNhZ28,tower-chicago,SERVICE
1606862,Demotron V2,MTYwNjg2MnxBUE18QVBQTElDQVRJT058NjI2OTA3NjE,Proxy-East,EXTERNAL,APM_EXTERNAL_SERVICE_ENTITY,MTYwNjg2MnxFWFRFUk5BTHxTRVJWSUNFfHRvd2VyLW1lbXBoaXM,tower-memphis,SERVICE
1606862,Demotron V2,MTYwNjg2MnxBUE18QVBQTElDQVRJT058NjI2OTA3NjE,Proxy-East,EXTERNAL,APM_EXTERNAL_SERVICE_ENTITY,MTYwNjg2MnxFWFRFUk5BTHxTRVJWSUNFfHRvd2VyLW1pYW1p,tower-miami,SERVICE
1606862,Demotron V2,MTYwNjg2MnxBUE18QVBQTElDQVRJT058NjI2OTA3NjE,Proxy-East,EXTERNAL,APM_EXTERNAL_SERVICE_ENTITY,MTYwNjg2MnxFWFRFUk5BTHxTRVJWSUNFfHRvd2VyLWNpbmNpbm5hdGk,tower-cincinnati,SERVICE
1606862,Demotron V2,MTYwNjg2MnxBUE18QVBQTElDQVRJT058NjI2OTA3NjE,Proxy-East,EXTERNAL,APM_EXTERNAL_SERVICE_ENTITY,MTYwNjg2MnxFWFRFUk5BTHxTRVJWSUNFfHRvd2VyLWJvc3Rvbg,tower-boston,SERVICE
2119955,Demotron Rotate,MjExOTk1NXxBUE18QVBQTElDQVRJT058NjU3NjgxODI0,Proxy-East,EXTERNAL,APM_EXTERNAL_SERVICE_ENTITY,MjExOTk1NXxFWFRFUk5BTHxTRVJWSUNFfHRvd2VyLWFsYmFueQ,tower-albany,SERVICE
2119955,Demotron Rotate,MjExOTk1NXxBUE18QVBQTElDQVRJT058NjU3NjgxODI0,Proxy-East,EXTERNAL,APM_EXTERNAL_SERVICE_ENTITY,MjExOTk1NXxFWFRFUk5BTHxTRVJWSUNFfHRvd2VyLWluZGlhbmFwb2xpcw,tower-indianapolis,SERVICE
2119955,Demotron Rotate,MjExOTk1NXxBUE18QVBQTElDQVRJT058NjU3NjgxODI0,Proxy-East,EXTERNAL,APM_EXTERNAL_SERVICE_ENTITY,MjExOTk1NXxFWFRFUk5BTHxTRVJWSUNFfHRvd2VyLXBoaWxhZGVscGhpYQ,tower-philadelphia,SERVICE
2119955,Demotron Rotate,MjExOTk1NXxBUE18QVBQTElDQVRJT058NjU3NjgxODI0,Proxy-East,EXTERNAL,APM_EXTERNAL_SERVICE_ENTITY,MjExOTk1NXxFWFRFUk5BTHxTRVJWSUNFfHRvd2VyLWNoaWNhZ28,tower-chicago,SERVICE
2119955,Demotron Rotate,MjExOTk1NXxBUE18QVBQTElDQVRJT058NjU3NjgxODI0,Proxy-East,EXTERNAL,APM_EXTERNAL_SERVICE_ENTITY,MjExOTk1NXxFWFRFUk5BTHxTRVJWSUNFfHRvd2VyLWNpbmNpbm5hdGk,tower-cincinnati,SERVICE
2119955,Demotron Rotate,MjExOTk1NXxBUE18QVBQTElDQVRJT058NjU3NjgxODI0,Proxy-East,EXTERNAL,APM_EXTERNAL_SERVICE_ENTITY,MjExOTk1NXxFWFRFUk5BTHxTRVJWSUNFfHRvd2VyLWJvc3Rvbg,tower-boston,SERVICE
2119955,Demotron Rotate,MjExOTk1NXxBUE18QVBQTElDQVRJT058NjU3NjgxODI0,Proxy-East,EXTERNAL,APM_EXTERNAL_SERVICE_ENTITY,MjExOTk1NXxFWFRFUk5BTHxTRVJWSUNFfHRvd2VyLW1pYW1p,tower-miami,SERVICE
2119955,Demotron Rotate,MjExOTk1NXxBUE18QVBQTElDQVRJT058NjU3NjgxODI0,Proxy-East,EXTERNAL,APM_EXTERNAL_SERVICE_ENTITY,MjExOTk1NXxFWFRFUk5BTHxTRVJWSUNFfHRvd2VyLXdhc2hpbmd0b24,tower-washington,SERVICE
2119955,Demotron Rotate,MjExOTk1NXxBUE18QVBQTElDQVRJT058NjU3NjgxODI0,Proxy-East,EXTERNAL,APM_EXTERNAL_SERVICE_ENTITY,MjExOTk1NXxFWFRFUk5BTHxTRVJWSUNFfHRvd2VyLW1lbXBoaXM,tower-memphis,SERVICE
2119955,Demotron Rotate,MjExOTk1NXxBUE18QVBQTElDQVRJT058NjU3NjgxODI0,Proxy-East,EXTERNAL,APM_EXTERNAL_SERVICE_ENTITY,MjExOTk1NXxFWFRFUk5BTHxTRVJWSUNFfHRvd2VyLWF0bGFudGE,tower-atlanta,SERVICE
1606862,Demotron V2,MTYwNjg2MnxBUE18QVBQTElDQVRJT058NjI2OTA3ODc,Proxy-West,EXTERNAL,APM_EXTERNAL_SERVICE_ENTITY,MTYwNjg2MnxFWFRFUk5BTHxTRVJWSUNFfHRvd2VyLWlydmluZQ,tower-irvine,SERVICE
1606862,Demotron V2,MTYwNjg2MnxBUE18QVBQTElDQVRJT058NjI2OTA3ODc,Proxy-West,EXTERNAL,APM_EXTERNAL_SERVICE_ENTITY,MTYwNjg2MnxFWFRFUk5BTHxTRVJWSUNFfHRvd2VyLXBvcnRsYW5k,tower-portland,SERVICE
1606862,Demotron V2,MTYwNjg2MnxBUE18QVBQTElDQVRJT058NjI2OTA3ODc,Proxy-West,EXTERNAL,APM_EXTERNAL_SERVICE_ENTITY,MTYwNjg2MnxFWFRFUk5BTHxTRVJWSUNFfHRvd2VyLXJpdmVyc2lkZQ,tower-riverside,SERVICE
1606862,Demotron V2,MTYwNjg2MnxBUE18QVBQTElDQVRJT058NjI2OTA3ODc,Proxy-West,EXTERNAL,APM_EXTERNAL_SERVICE_ENTITY,MTYwNjg2MnxFWFRFUk5BTHxTRVJWSUNFfHRvd2VyLWRhbGxhcw,tower-dallas,SERVICE
1606862,Demotron V2,MTYwNjg2MnxBUE18QVBQTElDQVRJT058NjI2OTA3ODc,Proxy-West,EXTERNAL,APM_EXTERNAL_SERVICE_ENTITY,MTYwNjg2MnxFWFRFUk5BTHxTRVJWSUNFfHRvd2VyLXBob2VuaXg,tower-phoenix,SERVICE
1606862,Demotron V2,MTYwNjg2MnxBUE18QVBQTElDQVRJT058NjI2OTA3ODc,Proxy-West,EXTERNAL,APM_EXTERNAL_SERVICE_ENTITY,MTYwNjg2MnxFWFRFUk5BTHxTRVJWSUNFfHRvd2VyLWRlbnZlcg,tower-denver,SERVICE
1606862,Demotron V2,MTYwNjg2MnxBUE18QVBQTElDQVRJT058NjI2OTA3ODc,Proxy-West,EXTERNAL,APM_EXTERNAL_SERVICE_ENTITY,MTYwNjg2MnxFWFRFUk5BTHxTRVJWSUNFfHRvd2VyLXN0b2NrdG9u,tower-stockton,SERVICE
1606862,Demotron V2,MTYwNjg2MnxBUE18QVBQTElDQVRJT058NjI2OTA3ODc,Proxy-West,EXTERNAL,APM_EXTERNAL_SERVICE_ENTITY,MTYwNjg2MnxFWFRFUk5BTHxTRVJWSUNFfHRvd2VyLWF1c3Rpbg,tower-austin,SERVICE
1606862,Demotron V2,MTYwNjg2MnxBUE18QVBQTElDQVRJT058NjI2OTA3ODc,Proxy-West,EXTERNAL,APM_EXTERNAL_SERVICE_ENTITY,MTYwNjg2MnxFWFRFUk5BTHxTRVJWSUNFfHRvd2VyLXNlYXR0bGU,tower-seattle,SERVICE
1606862,Demotron V2,MTYwNjg2MnxBUE18QVBQTElDQVRJT058NjI2OTA3ODc,Proxy-West,EXTERNAL,APM_EXTERNAL_SERVICE_ENTITY,MTYwNjg2MnxFWFRFUk5BTHxTRVJWSUNFfHRvd2VyLWhvdXN0b24,tower-houston,SERVICE
2119955,Demotron Rotate,MjExOTk1NXxBUE18QVBQTElDQVRJT058NjU3NjgxNzk3,Proxy-West,EXTERNAL,APM_EXTERNAL_SERVICE_ENTITY,MjExOTk1NXxFWFRFUk5BTHxTRVJWSUNFfHRvd2VyLWlydmluZQ,tower-irvine,SERVICE
2119955,Demotron Rotate,MjExOTk1NXxBUE18QVBQTElDQVRJT058NjU3NjgxNzk3,Proxy-West,EXTERNAL,APM_EXTERNAL_SERVICE_ENTITY,MjExOTk1NXxFWFRFUk5BTHxTRVJWSUNFfHRvd2VyLWRlbnZlcg,tower-denver,SERVICE
2119955,Demotron Rotate,MjExOTk1NXxBUE18QVBQTElDQVRJT058NjU3NjgxNzk3,Proxy-West,EXTERNAL,APM_EXTERNAL_SERVICE_ENTITY,MjExOTk1NXxFWFRFUk5BTHxTRVJWSUNFfHRvd2VyLWhvdXN0b24,tower-houston,SERVICE
2119955,Demotron Rotate,MjExOTk1NXxBUE18QVBQTElDQVRJT058NjU3NjgxNzk3,Proxy-West,EXTERNAL,APM_EXTERNAL_SERVICE_ENTITY,MjExOTk1NXxFWFRFUk5BTHxTRVJWSUNFfHRvd2VyLWF1c3Rpbg,tower-austin,SERVICE
2119955,Demotron Rotate,MjExOTk1NXxBUE18QVBQTElDQVRJT058NjU3NjgxNzk3,Proxy-West,EXTERNAL,APM_EXTERNAL_SERVICE_ENTITY,MjExOTk1NXxFWFRFUk5BTHxTRVJWSUNFfHRvd2VyLXBvcnRsYW5k,tower-portland,SERVICE
2119955,Demotron Rotate,MjExOTk1NXxBUE18QVBQTElDQVRJT058NjU3NjgxNzk3,Proxy-West,EXTERNAL,APM_EXTERNAL_SERVICE_ENTITY,MjExOTk1NXxFWFRFUk5BTHxTRVJWSUNFfHRvd2VyLXN0b2NrdG9u,tower-stockton,SERVICE
2119955,Demotron Rotate,MjExOTk1NXxBUE18QVBQTElDQVRJT058NjU3NjgxNzk3,Proxy-West,EXTERNAL,APM_EXTERNAL_SERVICE_ENTITY,MjExOTk1NXxFWFRFUk5BTHxTRVJWSUNFfHRvd2VyLWRhbGxhcw,tower-dallas,SERVICE
2119955,Demotron Rotate,MjExOTk1NXxBUE18QVBQTElDQVRJT058NjU3NjgxNzk3,Proxy-West,EXTERNAL,APM_EXTERNAL_SERVICE_ENTITY,MjExOTk1NXxFWFRFUk5BTHxTRVJWSUNFfHRvd2VyLXBob2VuaXg,tower-phoenix,SERVICE
2119955,Demotron Rotate,MjExOTk1NXxBUE18QVBQTElDQVRJT058NjU3NjgxNzk3,Proxy-West,EXTERNAL,APM_EXTERNAL_SERVICE_ENTITY,MjExOTk1NXxFWFRFUk5BTHxTRVJWSUNFfHRvd2VyLXNlYXR0bGU,tower-seattle,SERVICE
2119955,Demotron Rotate,MjExOTk1NXxBUE18QVBQTElDQVRJT058NjU3NjgxNzk3,Proxy-West,EXTERNAL,APM_EXTERNAL_SERVICE_ENTITY,MjExOTk1NXxFWFRFUk5BTHxTRVJWSUNFfHRvd2VyLXJpdmVyc2lkZQ,tower-riverside,SERVICE
1606862,Demotron V2,MTYwNjg2MnxBUE18QVBQTElDQVRJT058NjI2OTA3NzQ,Routing-Service,EXTERNAL,APM_EXTERNAL_SERVICE_ENTITY,MTYwNjg2MnxFWFRFUk5BTHxTRVJWSUNFfHByb3h5LXdlc3QtMQ,proxy-west-1,SERVICE
1606862,Demotron V2,MTYwNjg2MnxBUE18QVBQTElDQVRJT058NjI2OTA3NzQ,Routing-Service,EXTERNAL,APM_EXTERNAL_SERVICE_ENTITY,MTYwNjg2MnxFWFRFUk5BTHxTRVJWSUNFfHByb3h5LXdlc3QtNQ,proxy-west-5,SERVICE
1606862,Demotron V2,MTYwNjg2MnxBUE18QVBQTElDQVRJT058NjI2OTA3NzQ,Routing-Service,EXTERNAL,APM_EXTERNAL_SERVICE_ENTITY,MTYwNjg2MnxFWFRFUk5BTHxTRVJWSUNFfHByb3h5LWVhc3QtMw,proxy-east-3,SERVICE
1606862,Demotron V2,MTYwNjg2MnxBUE18QVBQTElDQVRJT058NjI2OTA3NzQ,Routing-Service,EXTERNAL,APM_EXTERNAL_SERVICE_ENTITY,MTYwNjg2MnxFWFRFUk5BTHxTRVJWSUNFfHByb3h5LXdlc3QtNA,proxy-west-4,SERVICE
1606862,Demotron V2,MTYwNjg2MnxBUE18QVBQTElDQVRJT058NjI2OTA3NzQ,Routing-Service,EXTERNAL,APM_EXTERNAL_SERVICE_ENTITY,MTYwNjg2MnxFWFRFUk5BTHxTRVJWSUNFfHByb3h5LXdlc3QtMA,proxy-west-0,SERVICE
1606862,Demotron V2,MTYwNjg2MnxBUE18QVBQTElDQVRJT058NjI2OTA3NzQ,Routing-Service,EXTERNAL,APM_EXTERNAL_SERVICE_ENTITY,MTYwNjg2MnxFWFRFUk5BTHxTRVJWSUNFfHByb3h5LXdlc3QtMg,proxy-west-2,SERVICE
1606862,Demotron V2,MTYwNjg2MnxBUE18QVBQTElDQVRJT058NjI2OTA3NzQ,Routing-Service,EXTERNAL,APM_EXTERNAL_SERVICE_ENTITY,MTYwNjg2MnxFWFRFUk5BTHxTRVJWSUNFfHByb3h5LXdlc3QtNw,proxy-west-7,SERVICE
1606862,Demotron V2,MTYwNjg2MnxBUE18QVBQTElDQVRJT058NjI2OTA3NzQ,Routing-Service,EXTERNAL,APM_EXTERNAL_SERVICE_ENTITY,MTYwNjg2MnxFWFRFUk5BTHxTRVJWSUNFfHByb3h5LWVhc3QtMA,proxy-east-0,SERVICE
1606862,Demotron V2,MTYwNjg2MnxBUE18QVBQTElDQVRJT058NjI2OTA3NzQ,Routing-Service,EXTERNAL,APM_EXTERNAL_SERVICE_ENTITY,MTYwNjg2MnxFWFRFUk5BTHxTRVJWSUNFfHByb3h5LXdlc3QtNg,proxy-west-6,SERVICE
1606862,Demotron V2,MTYwNjg2MnxBUE18QVBQTElDQVRJT058NjI2OTA3NzQ,Routing-Service,EXTERNAL,APM_EXTERNAL_SERVICE_ENTITY,MTYwNjg2MnxFWFRFUk5BTHxTRVJWSUNFfHByb3h5LWVhc3QtMQ,proxy-east-1,SERVICE
1606862,Demotron V2,MTYwNjg2MnxBUE18QVBQTElDQVRJT058NjI2OTA3NzQ,Routing-Service,EXTERNAL,APM_EXTERNAL_SERVICE_ENTITY,MTYwNjg2MnxFWFRFUk5BTHxTRVJWSUNFfHByb3h5LXdlc3QtMw,proxy-west-3,SERVICE
1606862,Demotron V2,MTYwNjg2MnxBUE18QVBQTElDQVRJT058NjI2OTA3NzQ,Routing-Service,EXTERNAL,APM_EXTERNAL_SERVICE_ENTITY,MTYwNjg2MnxFWFRFUk5BTHxTRVJWSUNFfHByb3h5LWVhc3QtMg,proxy-east-2,SERVICE
2119955,Demotron Rotate,MjExOTk1NXxBUE18QVBQTElDQVRJT058NjU3NjgxODEw,Routing-Service,EXTERNAL,APM_EXTERNAL_SERVICE_ENTITY,MjExOTk1NXxFWFRFUk5BTHxTRVJWSUNFfHByb3h5LXdlc3QtNw,proxy-west-7,SERVICE
2119955,Demotron Rotate,MjExOTk1NXxBUE18QVBQTElDQVRJT058NjU3NjgxODEw,Routing-Service,EXTERNAL,APM_EXTERNAL_SERVICE_ENTITY,MjExOTk1NXxFWFRFUk5BTHxTRVJWSUNFfHByb3h5LXdlc3QtMA,proxy-west-0,SERVICE
2119955,Demotron Rotate,MjExOTk1NXxBUE18QVBQTElDQVRJT058NjU3NjgxODEw,Routing-Service,EXTERNAL,APM_EXTERNAL_SERVICE_ENTITY,MjExOTk1NXxFWFRFUk5BTHxTRVJWSUNFfHByb3h5LXdlc3QtMg,proxy-west-2,SERVICE
2119955,Demotron Rotate,MjExOTk1NXxBUE18QVBQTElDQVRJT058NjU3NjgxODEw,Routing-Service,EXTERNAL,APM_EXTERNAL_SERVICE_ENTITY,MjExOTk1NXxFWFRFUk5BTHxTRVJWSUNFfHByb3h5LXdlc3QtNg,proxy-west-6,SERVICE
2119955,Demotron Rotate,MjExOTk1NXxBUE18QVBQTElDQVRJT058NjU3NjgxODEw,Routing-Service,EXTERNAL,APM_EXTERNAL_SERVICE_ENTITY,MjExOTk1NXxFWFRFUk5BTHxTRVJWSUNFfHByb3h5LXdlc3QtNA,proxy-west-4,SERVICE
2119955,Demotron Rotate,MjExOTk1NXxBUE18QVBQTElDQVRJT058NjU3NjgxODEw,Routing-Service,EXTERNAL,APM_EXTERNAL_SERVICE_ENTITY,MjExOTk1NXxFWFRFUk5BTHxTRVJWSUNFfHByb3h5LWVhc3QtMg,proxy-east-2,SERVICE
2119955,Demotron Rotate,MjExOTk1NXxBUE18QVBQTElDQVRJT058NjU3NjgxODEw,Routing-Service,EXTERNAL,APM_EXTERNAL_SERVICE_ENTITY,MjExOTk1NXxFWFRFUk5BTHxTRVJWSUNFfHByb3h5LWVhc3QtMA,proxy-east-0,SERVICE
2119955,Demotron Rotate,MjExOTk1NXxBUE18QVBQTElDQVRJT058NjU3NjgxODEw,Routing-Service,EXTERNAL,APM_EXTERNAL_SERVICE_ENTITY,MjExOTk1NXxFWFRFUk5BTHxTRVJWSUNFfHByb3h5LXdlc3QtMw,proxy-west-3,SERVICE
2119955,Demotron Rotate,MjExOTk1NXxBUE18QVBQTElDQVRJT058NjU3NjgxODEw,Routing-Service,EXTERNAL,APM_EXTERNAL_SERVICE_ENTITY,MjExOTk1NXxFWFRFUk5BTHxTRVJWSUNFfHByb3h5LWVhc3QtMQ,proxy-east-1,SERVICE
2119955,Demotron Rotate,MjExOTk1NXxBUE18QVBQTElDQVRJT058NjU3NjgxODEw,Routing-Service,EXTERNAL,APM_EXTERNAL_SERVICE_ENTITY,MjExOTk1NXxFWFRFUk5BTHxTRVJWSUNFfHByb3h5LXdlc3QtNQ,proxy-west-5,SERVICE
2119955,Demotron Rotate,MjExOTk1NXxBUE18QVBQTElDQVRJT058NjU3NjgxODEw,Routing-Service,EXTERNAL,APM_EXTERNAL_SERVICE_ENTITY,MjExOTk1NXxFWFRFUk5BTHxTRVJWSUNFfHByb3h5LWVhc3QtMw,proxy-east-3,SERVICE
2119955,Demotron Rotate,MjExOTk1NXxBUE18QVBQTElDQVRJT058NjU3NjgxODEw,Routing-Service,EXTERNAL,APM_EXTERNAL_SERVICE_ENTITY,MjExOTk1NXxFWFRFUk5BTHxTRVJWSUNFfHByb3h5LXdlc3QtMQ,proxy-west-1,SERVICE
1606862,Demotron V2,MTYwNjg2MnxBUE18QVBQTElDQVRJT058NTQxMTExODg0,Shipment-Label,EXTERNAL,APM_EXTERNAL_SERVICE_ENTITY,MTYwNjg2MnxFWFRFUk5BTHxTRVJWSUNFfHNoaXBtZW50LWxhYmVsLm1hdGVyaWFscy5zdmMuY2x1c3Rlci5sb2NhbA,shipment-label.materials.svc.cluster.local,SERVICE
2119955,Demotron Rotate,MjExOTk1NXxBUE18QVBQTElDQVRJT058NjU3NjgxNDU0,Shipment-Label,EXTERNAL,APM_EXTERNAL_SERVICE_ENTITY,MjExOTk1NXxFWFRFUk5BTHxTRVJWSUNFfHNoaXBtZW50LWxhYmVsLm1hdGVyaWFscy5zdmMuY2x1c3Rlci5sb2NhbA,shipment-label.materials.svc.cluster.local,SERVICE
1606862,Demotron V2,MTYwNjg2MnxBUE18QVBQTElDQVRJT058NTQxMTExODIx,Sms-Notification,EXTERNAL,APM_EXTERNAL_SERVICE_ENTITY,MTYwNjg2MnxFWFRFUk5BTHxTRVJWSUNFfHNtcy1ub3RpZmljYXRpb24uaW50ZXJhY3Rpb25zLnN2Yy5jbHVzdGVyLmxvY2Fs,sms-notification.interactions.svc.cluster.local,SERVICE
2119955,Demotron Rotate,MjExOTk1NXxBUE18QVBQTElDQVRJT058NjU3NjgxNTEw,Sms-Notification,EXTERNAL,APM_EXTERNAL_SERVICE_ENTITY,MjExOTk1NXxFWFRFUk5BTHxTRVJWSUNFfHNtcy1ub3RpZmljYXRpb24uaW50ZXJhY3Rpb25zLnN2Yy5jbHVzdGVyLmxvY2Fs,sms-notification.interactions.svc.cluster.local,SERVICE
1606862,Demotron V2,MTYwNjg2MnxBUE18QVBQTElDQVRJT058NTQxMTExNzcw,Staff-Request,EXTERNAL,APM_EXTERNAL_SERVICE_ENTITY,MTYwNjg2MnxFWFRFUk5BTHxTRVJWSUNFfHN0YWZmLXJlcXVlc3QubWF0ZXJpYWxzLnN2Yy5jbHVzdGVyLmxvY2Fs,staff-request.materials.svc.cluster.local,SERVICE
2119955,Demotron Rotate,MjExOTk1NXxBUE18QVBQTElDQVRJT058NjU3NjgxNDkx,Staff-Request,EXTERNAL,APM_EXTERNAL_SERVICE_ENTITY,MjExOTk1NXxFWFRFUk5BTHxTRVJWSUNFfHN0YWZmLXJlcXVlc3QubWF0ZXJpYWxzLnN2Yy5jbHVzdGVyLmxvY2Fs,staff-request.materials.svc.cluster.local,SERVICE
1606862,Demotron V2,MTYwNjg2MnxBUE18QVBQTElDQVRJT058NDMxOTIyMTA,WebPortal,EXTERNAL,APM_EXTERNAL_SERVICE_ENTITY,MTYwNjg2MnxFWFRFUk5BTHxTRVJWSUNFfGxvZ2luLnRlbGNvLm5yZGVtby5jb20,login.telco.nrdemo.com,SERVICE
1606862,Demotron V2,MTYwNjg2MnxBUE18QVBQTElDQVRJT058NDMxOTIyMTA,WebPortal,EXTERNAL,APM_EXTERNAL_SERVICE_ENTITY,MTYwNjg2MnxFWFRFUk5BTHxTRVJWSUNFfGNvcmV0cm9uLnRlbGNvLm5yZGVtby5jb20,coretron.telco.nrdemo.com,SERVICE
2119955,Demotron Rotate,MjExOTk1NXxBUE18QVBQTElDQVRJT058MTg0MzcyMjI1,WebPortal,EXTERNAL,APM_EXTERNAL_SERVICE_ENTITY,MjExOTk1NXxFWFRFUk5BTHxTRVJWSUNFfHBsYW4ucm90YXRlLm5yZGVtby1wcmVwcm9kLmNvbQ,plan.rotate.nrdemo-preprod.com,SERVICE
2119955,Demotron Rotate,MjExOTk1NXxBUE18QVBQTElDQVRJT058MTg0MzcyMjI1,WebPortal,EXTERNAL,APM_EXTERNAL_SERVICE_ENTITY,MjExOTk1NXxFWFRFUk5BTHxTRVJWSUNFfGludmVudG9yeS5yb3RhdGUubnJkZW1vLXByZXByb2QuY29t,inventory.rotate.nrdemo-preprod.com,SERVICE
2119955,Demotron Rotate,MjExOTk1NXxBUE18QVBQTElDQVRJT058MTg0MzcyMjI1,WebPortal,EXTERNAL,APM_EXTERNAL_SERVICE_ENTITY,MjExOTk1NXxFWFRFUk5BTHxTRVJWSUNFfGNvcmV0cm9uLnJvdGF0ZS5ucmRlbW8tcHJlcHJvZC5jb20,coretron.rotate.nrdemo-preprod.com,SERVICE
2119955,Demotron Rotate,MjExOTk1NXxBUE18QVBQTElDQVRJT058MTg0MzcyMjI1,WebPortal,EXTERNAL,APM_EXTERNAL_SERVICE_ENTITY,MjExOTk1NXxFWFRFUk5BTHxTRVJWSUNFfGxvZ2luLnJvdGF0ZS5ucmRlbW8tcHJlcHJvZC5jb20,login.rotate.nrdemo-preprod.com,SERVICE
2119955,Demotron Rotate,MjExOTk1NXxBUE18QVBQTElDQVRJT058MTg0MzcyMjI1,WebPortal,EXTERNAL,APM_EXTERNAL_SERVICE_ENTITY,MjExOTk1NXxFWFRFUk5BTHxTRVJWSUNFfGZ1bGZpbGxtZW50LnJvdGF0ZS5ucmRlbW8tcHJlcHJvZC5jb20,fulfillment.rotate.nrdemo-preprod.com,SERVICE
